Index,Title,Content
,0,"**Title: Global Developments and Counterclaims amid International Conflicts**

1. Russia asserts Western pressure against countries attending the 2023-SPIEF, while the UK deploys a spy plane to patrol the English Channel for migrant smugglers.
2. Russian Foreign Ministry claims Moscow has information about Western pressure on countries to not attend the 2023-SPIEF, while a spy plane is set to patrol the English Channel 24/7 to catch migrant smugglers."
,1,"- Emmet Sheehan had an incredible rookie debut, striking out 4 batters and throwing 6 hitless innings on 89 pitches.
- Adbert Alzolay's ERA stands at 1.97, a remarkable feat during his current season."
,2,"Title: Kim Namjun's 5 PM Call with V

- RM and V connected over the phone, with RM expressing his gratitude for V's support and V expressing his admiration for RM's leadership.


Title: BTS FESTA 2023: RM-V Call Highlights

- In a heartwarming moment, RM affectionately calls V ""hyung,"" showcasing their close bond and mutual respect within BTS."
,3,"- **Art Share:** Artists showcasing their amazing artworks, inviting engagement and support within the community.


- **Contact (1997) Art:** Stunning artwork by Steve Burg captures the essence of the classic sci-fi movie ""Contact."""
,4,"- Red Bull displayed Charles Leclerc's onboard footage on their pitwall screen during FP3, causing amusement among viewers. (1)
- Nico Hulkenberg faced an alleged red flag infringement during qualifying, potentially resulting in a penalty. (35)"
,5,"Title: Raunchy Tweets Galore: Unleashing Explicit Sexual Desires and Obscene Content

Summary: A series of explicit tweets shared explicit sexual desires and obscene content, ranging from desires for sexual acts, requests for sexual favors, explicit images, and other sexually suggestive language."
,6,"**Summary:**

**EFCC Soon to Take Action:** Economic and Financial Crimes Commission may take action soon against individuals involved in financial misconduct.

**Deductions from Salary in Ghana:** Complaints arise over a deduction from people's salaries due to minor offenses."
,7,"- Flash Flop: Film Experiences Underwhelming Opening Due to Negative Online Buzz
- Zack Snyder to Grace Tudum Red Carpet for Rebel Moon"
,8,"- Title: Edwards, Jarrett to face off in a compelling fight on AEW Rampage.
  Summary: Aubrey Edwards and Karen Jarrett will lock horns in an exciting match on AEW Rampage, with fans eagerly anticipating the outcome.


- Title: Roman Reigns flaunts his three titles on Smackdown, showcasing his dominance.
  Summary: WWE Smackdown witnessed Roman Reigns' authoritative display as he made a grand entrance with all three of his titles, asserting his supremacy over the roster."
,9,"**Title:** Boris Johnson Confirmed to Be Detail-Oriented During Brexit Negotiations

- Boris Johnson was described as well-prepared and tougher during EU negotiations than Lord Frost, as confirmed by Frost during a dinner conversation.

**Title:** Only Eight Conservative MPs Defended Boris Johnson in Privileges Committee Report

- Out of 354 Conservative MPs, only eight have defended Boris Johnson in the Privileges Committee report."
,10,"Title: Active Cricketers with the Highest Test Centuries

- Virat Kohli leads with 75 centuries, followed by Joe Root with 46 and three players, David Warner, Rohit Sharma, and Steven Smith, tied with 43 centuries.
- Kane Williamson has 41 centuries, while Babar Azam has 30 centuries, making him the highest-ranking active Pakistani cricketer on the list.

Title: Babar Azam and Rohit Sharma's Performances in Recent Matches

- Babar Azam's consistent performance has earned him praise, while Rohit Sharma's captaincy and batting skills have also been noteworthy."
,11,"**Here are the summaries:**

**Title: Twitter User Experiences Copycats and Impersonators**

- Twitter user reports instances of copycat accounts impersonating them, causing confusion among users and seeking assistance in reporting the impersonators.

**Title: Twitter User Criticizes the Quality of Twitter Ads**

- A Twitter user expresses skepticism toward Twitter ads, believing that their poor quality and potential for scams undermine their credibility."
,12,"- OpTic Texas, featuring the 4-man team, was eliminated from the Call of Duty Championship, placing 6th.
- Seattle Surge defeated OpTic Texas 3-2, eliminating the team from the Call of Duty Champs."
,13,"Title: Achievements and Celebrations:

- A compilation of personal achievements, blessings, milestone celebrations, and expressions of gratitude from various individuals.

- Notable accomplishments include completing educational programs, receiving awards, and celebrating life events like weddings and anniversaries."
,14,"Title: Harry Styles Surprises Fans with Beloved Songs and Emotional Moments in London

- Harry Styles thrilled fans at his London concert with performances of ""Sweet Creature"" and ""Love of My Life,"" sparking nostalgia and heartfelt reactions.
- The singer expressed gratitude to his longtime supporters and London as a city that holds special memories for him."
,15,"**1. Lyon's Maxence Caqueret is a target for Borussia Dortmund and Tottenham.**

**2. Arsenal is confident that Chelsea will accept 60 million pounds for Kai Havertz due to their financial situation.**"
,16,"**Animal News Roundup:**

- Rescued dog Brooklyn arrives in the UK after an arduous journey from China, escaping a slaughterhouse fate.


- A bonded pair of Australian Shepherd mixes, Sheev Palpatine and Sabine Wren, are facing the euthanasia list at a Downey, California shelter and need immediate adoption."
,17,"**Title: Highlights from the K-Pop and Pop Music World**

- Remy Ma teases fans with a sample of her rap over ""Put it on da Floor,"" while GloRilla announces a music video for her freestyle on the same track.


- ITZY's Lia captivates with her soulful rendition of Sigrid's ""Don't Kill My Vibe,"" while DAHYUN entertains on ""Amazing Saturday."""
,18,"Title: Final Fantasy XVI Update and Starfield Demo Stream

1. Final Fantasy XVI will have a pre-release update on June 20th for optimization and the Starfield demo streaming will happen soon.

2. Content creators can get Steam keys for the full version of Underground Blossom Demo if they stream it during the SteamNextFest."
,19,"- Melanie Martinez credited with pioneering surgical shots back in 2016.


- IVE's Wonyoung radiates fresh, vibrant charm as the cover star of Cosmopolitan's July issue."
,20,"1. ""Thank you"" expressed for an unspecified happening.

2. Cream put on a dog's and monkey's birthday cake."
,21,"* **Title:** US Govt Would Face Trillions in Damages if It Paid for COVID-19 Losses
* **Summary:** If the US Government had to compensate families for COVID-19 deaths, it would amount to $67 trillion, more than double the current national debt.


* **Title:** Binance Launchpool Offers 21 Days of Rewards for Farming $MAV
* **Summary:** Binance Launchpool offers a limited-time opportunity to earn rewards by farming $MAV tokens for 21 days."
,22,"Title: Understanding Relationships
Men are not solely attracted to wealth and looks in women; they value how they are treated. Women often want to be asked out when they keep showing up in a man's life."
,23,"**BTS10thAnniversary Fireworks Show**: BTS's 10th-anniversary firework show symbolizes ARMY's illumination of their dark nights and their undying gratitude.

**BTS 10 Years With ARMY**: BTS's 10th-anniversary celebration is a testament to their everlasting bond with ARMY, their eternal youth."
,24,"- Spicy Leaves, a game, will be released on Thursday or Friday next week.


- Meatloaf, mashed potatoes, and gravy are prepared for a Father’s Day brunch."
,25,"Title: **Spiritual Inspiration and Divine Blessings**

Summary: A collection of affirmations, prayers, and biblical verses offering spiritual encouragement, reminding believers of God's constant care, blessings, and the importance of faith and reliance on Him."
,26,"- Pro boxer, Terence Crawford, stays ready for fights and is training for his upcoming match against Errol Spence Jr.


- Boxing fans can look forward to Estrada-Yudica on July 28th and Spence-Crawford on July 29th."
,27,"#Adipurush: Critics and viewers slam its portrayal of Hindu deities, poor VFX, and inappropriate dialogues, deeming it a distortion of the Ramayana narrative.

Adipurush Controversy: Writer Manoj Muntashir justifies vulgar dialogues in the film, claiming they mirror grandparents' and saints' interpretations of the Ramayana."
,28,"Title: Dodgers' Pride Night Controversy:
1. The Dodgers honor a group that mocks Christians, leading to empty stands and boos from fans, while thousands of Catholics protest outside the stadium.
2. The team's decision to honor the Sisters of Perpetual Indulgence sparks backlash from religious groups and conservative commentators."
,29,"**Title:** Box Office Collections: ""Adipurush"" Rakes In ₹81.10 Crores Worldwide, While ""Sarkaru Vaari Paata"" Leads in Andhra Pradesh

**Summary:** ""Adipurush"" has grossed ₹81.10 crores worldwide on its first day, while ""Sarkaru Vaari Paata"" has taken the lead in Andhra Pradesh with a share of ₹35.5 crores."
,30,"**How Can We Learn From COVID to Prepare for the Future?**

By analyzing past experiences, we can prepare for future pandemics by investing in scientific research and prioritizing public health measures.


**Disgusting, Unethical PLACEBO Control Trial in Colon Cancer:**

A clinical trial in colon cancer patients used a placebo as a control arm, raising ethical concerns and questioning the role of Institutional Review Boards and the FDA in ensuring patient safety."
,31,"**Title:** Global Warming Alarms and California Wildfire

- A California man is under arrest for allegedly starting a wildfire that destroyed hundreds of buildings and displaced thousands of people.


- Scientists are raising concerns about record-breaking climate events occurring in 2023, including wildfires."
,32,"**Title: ""Against All Odds: Scotland's Stunning Comeback Secures a 2-1 Victory over Norway in Euro 2024 Qualifier.""**

**Summary:** Scotland staged a remarkable comeback with two late goals from Kenny McLean and Lyndon Dykes to secure a thrilling 2-1 victory against Norway in their Euro 2024 qualifying match, despite trailing early on."
,33,"**Title: Hindu Temples Under Siege, Muslim Mob Attacks Gujarat Police**

1. Throughout history, Hindu temples have faced numerous attacks and demolitions, and now they are controlled by the government under the pretext of secularism.
2. A Muslim mob attacked a police post in Gujarat over the removal of an illegal Dargah, resulting in injuries and arson."
,34,"Title: _Pointers for Prospective MSC and BSC Students in Austria and Debunking False Claims on GPT's MIT Performance_

1. First-time students applying for BSC or MSC in Austria should authenticate their documents at the Ministry of Foreign Affairs and Education in Nigeria, or the equivalent offices in their country.

2. Analysis of claims about GPT's ability to ace MIT courses revealed that they lack credibility due to flaws in the methodology used."
,35,"1. **Title: Joelinton's Transformation Under Eddie Howe**
   - Eddie Howe has revitalized Joelinton's career, transforming him from a £40m flop to a bargain and one of the most in-form midfielders in the world.


2. **Title: Paul Pogba Reflects on Manchester United Return**
   - Paul Pogba expressed his desire to finish his job at Manchester United, winning titles that the club hadn't achieved in a long time."
,36,"**Title: Social Media Giveaways: Opportunities to Win Cash and Prizes**

Social media users can win cash and prizes by following, retweeting, and liking posts from various accounts."
,37,"**Good Morning Greetings and Commentary**:

- **Good Morning:** Various greetings and messages wishing a good morning to others, often accompanied by emojis or images.

- **Hashtags and Communication:** The tweets contain a mix of explicit hashtags and imagery, along with commentary on relationships and sexuality."
,38,"**Title: Trump's Bad Interpretations of Law and Classified Documents Scandal**

1. Despite warnings, Trump attempted to overturn a legitimate election, resulting in the DOJ limiting his ability to defend himself. 
2. Trump's mishandling of classified documents stored at Mar-a-Lago raises concerns about the potential endangerment of national security."
,39,"**Title: ""Speed's Dream Come True: Meeting His Idol Cristiano Ronaldo""**

Summary: YouTuber IShowSpeed finally got to meet his idol, Cristiano Ronaldo, and the emotional encounter left him speechless. The internet went wild sharing videos of their moment together, celebrating Speed's dedication and fandom."
,40,"1. **Title: ""Hard Rock Legends:""** Deep Purple, Led Zeppelin, and AC/DC were among the legendary hard rock and heavy metal bands that released iconic albums in the 1970s.
2. **Title: ""30BG's Preference:""** Members of the 30BG fan base express their preference for garden over kante."
,41,"**Title:** Music Streaming Trends: New Spotify Records and Chart Achievements

**Summary:** Spotify witnessed a significant increase in monthly memberships last year, while various artists like Lady Gaga, Taylor Swift, Davido, and BTS achieved impressive streaming milestones on the platform."
,42,
,43,"Title: Rickie Fowler Seizes the Lead with Unpredictable Performance at US Open

1. Rickie Fowler's rollercoaster scorecard of 68 and 62 tied the U.S. Open 36-hole scoring record, putting him in the lead after day two.


2. Sam Bennett's unique approach to golf, without a coach, video analysis, or precise game statistics, offers valuable lessons in developing natural talent."
,44,"Title: NBA Draft Prospects and Possible Trades

Summary: Top prospects receive Green Room invites for the NBA Draft, while rumors swirl about potential trades involving Bradley Beal, with the Heat, Suns and Wizards engaged in discussions."
,45,"Title: **Weekend Greetings and Good Vibes**

1. People share happy weekend greetings, some expressing a desire for company, while others share positive vibes and beautiful nature pictures."
,46,"**Title: Access To Military Satellite and Fintech City Laying Ceremony**

1. Access to military satellite operated by Maxar Technologies is now available for sale on XSS forum.
2. Tamil Nadu Chief Minister lays foundation stone for Fintech City and Fintech Tower, promising significant investment and job opportunities."
,47,"<b>British Monarchy:</b> A Look into the Royal Family's Celebratory Events and Family Portraits

<b>The Royal Family Marks Trooping the Colour with Grand Celebrations and Family Portraits:</b> The British monarchy celebrated ""Trooping the Colour"" with a spectacular parade, featuring King Charles III, the Wales Family, and other royals, accompanied by a heartwarming photo of Prince William and his children for Father's Day."
,48,"**Title:** Crypto Market Observations and Trading Insights

**Summary:**

- A trader laments losing 50k in trading and questions their actions, while $17.95M $LINK was transferred to Binance from a circulating supply wallet, indicating potential price movements."
,49,"**Title: Netflix Unveils First Look at live-action Adaptions of 'Avatar: The Last Airbender' and 'One Piece'.**

- Netflix revealed first look images and trailers for live-action adaptations of 'Avatar: The Last Airbender' starring Aang, Katara, Sokka, and Zuko, and 'One Piece' to premiere on August 31st."
,50,"**Title:** Ronaldo's Place Among Legends and Messi's First Ballon d'Or

**Summary:** Despite not winning the World Cup, Ronaldo's status remains comparable to Pele, Maradona, and others, while Messi won his first Ballon d'Or at 22, similar to Owen and Cristiano Ronaldo."
,51,"**Title: Infrastructure Developments in India and UAE**

1. Delhi-Mumbai Expressway nearing completion, enabling seamless travel between Gurgaon and Sawai Madhopur, Rajasthan.


2. Raipur's VIP Road renamed after former Prime Minister Rajiv Gandhi, connecting Telibandha Chowk to Swami Vivekananda Airport."
,52,"Title: Vijay Expresses Concern over Fake Information on Social Media, Lauds Clean Politics

Content Specifics:
1. Actor Vijay highlights the prevalence of fake information on social media and calls for caution among users.
2. Vijay encourages students to read about leaders and advocates for clean politics during a felicitation event."
,53,"Title: SM Artists and K-Pop Idols Attend Bruno Mars Concert in Seoul

Summary: SM Artists such as WayV, NCT Dream, Taemin, and Kai were among the K-Pop idols who attended Bruno Mars's concert in Seoul, while Jeongwoo of TREASURE, who once covered Bruno Mars's song in 2018, was also seen at the concert."
,54,"- **Princess Bubblegum for Pink**: Artist takes requests for which character to draw next for the red spot in their ongoing color-wheel challenge.

- **SpongeBob For Yellow**: Artist asks for suggestions for a green character to draw next in their ongoing color-wheel challenge."
,55,"**Title: ""Spider-Man: Across the Spider-Verse"" Impresses with Mind-Blowing Animation and Inventive Storytelling**

* The highly-anticipated animated sequel captivates audiences with its visually stunning animation, innovative storytelling, and an array of captivating characters from different universes.

* The film offers a modern and beautiful cinematic experience, pushing the boundaries of visual storytelling and providing a feast for the eyes."
,56,"Title: Happy Father's Day Celebrations: Expressed Through Appreciation and Reflection

- Social media users express gratitude, share cherished memories, and reflect on the significance of fatherhood on Father's Day.


- Various forms of expressions displayed, including heartwarming messages, joyful pictures, and heartfelt recollections, honoring father figures."
,57,"Title: Flirtatious Social Media Content and Seductive Poses

Summary: Numerous social media users entice and allure with provocative pictures, comments, and requests for compliments, asserting their attractiveness."
,58,"#TrendingWeatherNews:

1. In Georgetown, Texas, a sudden heatburst raised the temperature from 82°F to 99°F, along with a drop in humidity.

2. In parts of China, heavy rainstorms are expected over the weekend, with some areas receiving up to 200mm."
,59,"- Ludhiana police and Counter Intelligence Unit arrest Mandeep Kaur and her husband Jaswinder Singh in Uttarakhand for masterminding the ₹8.49 crore cash van robbery.


- Rajasthan Police rescues 22 children purchased for ₹500 each and arrests the businessman who subjected them to 18 hours of daily labor with one meal."
